"year","month","day","data","median","LB","UB"
2023,4,27,2,2,2,2
2023,5,4,0,-9.07122247310928,0,0
2023,5,11,0,-0.066187828720551,0,0
2023,5,18,0,-0.0614488079204275,0,0
2023,5,25,0,-0.0570634176545558,0,0
2023,6,1,0,-0.0529915805121537,0,0
2023,6,8,0,-0.0492097272096597,0,0
2023,6,15,0,-0.0456987448620411,0,0
2023,6,22,0,-0.0424377579501107,0,0
2023,6,29,NA,-0.0394075844000416,0,0
2023,7,6,NA,-0.0365947619230453,0,0
2023,7,13,NA,-0.0339832907573052,0,0
2023,7,20,NA,-0.0315582555138864,0,0
