"year","month","day","data","median","LB","UB"
2023,3,30,18,14.5956466963127,4.43069000593715,25.7279631147078
2023,4,6,7,14.1354068133364,2.62368760266907,24.5322915177741
2023,4,13,14,13.6751669281843,2.52756931444931,25.6408652471424
2023,4,20,9,13.2149270451399,1.89105221162476,24.3294670764472
2023,4,27,16,12.7546871647049,1.83283088982608,23.9729449735464
2023,5,4,20,12.2944472856283,1.07393679395846,22.96658990833
2023,5,11,11,11.8342074054201,0.97847705156899,22.9824054353913
2023,5,18,10,11.3739675274413,0.98569092722187,22.817623289731
2023,5,25,20,10.9137276499113,0.165723558983551,22.2928259222737
2023,6,1,1,10.4534877723812,0,21.3074464102004
2023,6,8,NA,9.99324789485116,0,21.0604006508525
2023,6,15,NA,9.53300801732112,0,20.6710600316951
2023,6,22,NA,9.07276813979107,0,19.9014953007337
2023,6,29,NA,8.61252826226102,0,20.1430966127229
