"year","month","day","data","median","LB","UB"
2023,3,30,0,0,0,0
2023,4,6,0,0,0,0
2023,4,13,0,0,0,0
2023,4,20,0,0,0,0
2023,4,27,0,0,0,0
2023,5,4,0,0,0,0
2023,5,11,0,0,0,0
2023,5,18,0,0,0,0
2023,5,25,0,0,0,0
2023,6,1,0,0,0,0
2023,6,8,NA,0,0,1.65695768217233e-09
2023,6,15,NA,0,0,4.9140163049799e-09
2023,6,22,NA,0,0,8.8421749921963e-09
2023,6,29,NA,0,0,1.33679824987354e-08
