"year","month","day","data","median","LB","UB"
2023,5,25,0,0,0,0
2023,6,1,0,0,0,0
2023,6,8,0,0,0,0
2023,6,15,0,0,0,0
2023,6,22,0,0,0,0
2023,6,29,0,0,0,0
2023,7,6,0,0,0,0
2023,7,13,0,0,0,0
2023,7,20,0,0,0,0
2023,7,27,0,0,0,0
2023,8,3,NA,0,0,1.83093051830951e-09
2023,8,10,NA,0,0,4.85575535336125e-09
2023,8,17,NA,0,0,9.83849690605609e-09
2023,8,24,NA,0,0,1.4845298990096e-08
