"year","month","day","data","median","LB","UB"
2023,5,25,0,0,0,0
2023,6,1,0,0,0,0
2023,6,8,0,0,0,0
2023,6,15,0,0,0,0
2023,6,22,0,0,0,0
2023,6,29,0,0,0,0
2023,7,6,0,0,0,0
2023,7,13,0,0,0,0
2023,7,20,0,0,0,0
2023,7,27,0,0,0,0
2023,8,3,NA,0,0,1.51462701753675e-09
2023,8,10,NA,0,0,4.55161264853632e-09
2023,8,17,NA,0,0,8.13851371635496e-09
2023,8,24,NA,0,0,1.27754280623759e-08
