"year","month","day","data","median","LB","UB"
2023,3,16,0,0,0,0
2023,3,23,0,0,0,0
2023,3,30,0,0,0,0
2023,4,6,0,0,0,0
2023,4,13,0,0,0,0
2023,4,20,0,0,0,0
2023,4,27,0,0,0,0
2023,5,4,0,0,0,0
2023,5,11,0,0,0,0
2023,5,18,0,0,0,0
2023,5,25,NA,0,0,2.00122141080783e-09
2023,6,1,NA,0,0,5.00715136020347e-09
2023,6,8,NA,0,0,8.93158946801975e-09
2023,6,15,NA,0,0,1.30415627186409e-08
