"year","month","day","data","median","LB","UB"
2023,6,8,0,0,0,0
2023,6,15,0,0,0,0
2023,6,22,0,0,0,0
2023,6,29,0,0,0,0
2023,7,6,0,0,0,0
2023,7,13,0,0,0,0
2023,7,20,0,0,0,0
2023,7,27,0,0,0,0
2023,8,3,0,0,0,0
2023,8,10,0,0,0,0
2023,8,17,NA,0,0,1.6866177343644e-09
2023,8,24,NA,0,0,4.75408445943515e-09
2023,8,31,NA,0,0,8.48221359817103e-09
2023,9,7,NA,0,0,1.31252371193824e-08
