"year","month","day","data","median","LB","UB"
2023,4,6,0,0,0,0
2023,4,13,0,0,0,0
2023,4,20,0,0,0,0
2023,4,27,0,0,0,0
2023,5,4,0,0,0,0
2023,5,11,0,0,0,0
2023,5,18,0,0,0,0
2023,5,25,0,0,0,0
2023,6,1,0,0,0,0
2023,6,8,0,0,0,0
2023,6,15,NA,0,0,1.68256860294955e-09
2023,6,22,NA,0,0,5.10980977723932e-09
2023,6,29,NA,0,0,9.58512817087309e-09
2023,7,6,NA,0,0,1.40303165889944e-08
