"year","month","day","data","median","LB","UB"
2023,3,23,0,0,0,0
2023,3,30,0,0,0,0
2023,4,6,0,0,0,0
2023,4,13,0,0,0,0
2023,4,20,0,0,0,0
2023,4,27,0,0,0,0
2023,5,4,0,0,0,0
2023,5,11,0,0,0,0
2023,5,18,0,0,0,0
2023,5,25,0,0,0,0
2023,6,1,NA,0,0,1.79037858362958e-09
2023,6,8,NA,0,0,4.97071075055485e-09
2023,6,15,NA,0,0,9.09932664977631e-09
2023,6,22,NA,0,0,1.38759400043573e-08
