"month","day","data","median","LB","UB"
7,6,8,8,8,8
7,13,0,2.98579939987566,0,21.1234098311275
7,20,0,2.3774431576515,0,18.3575145407738
7,27,0,2.40000368663356,0,17.4847015671052
8,3,10,2.31384196963221,0,18.3107530716408
8,10,0,2.1573490763621,0,18.5946302856247
8,17,0,1.89816119297632,0,18.2422850809078
8,24,NA,2.06099809228393,0,19.8422987347217
8,31,NA,2.06529405473778,0,21.6121937419323
9,7,NA,2.08037357592969,0,26.6014325072297
9,14,NA,2.12204517876306,0,31.2581350071979
