"year","month","day","data","median","LB","UB"
2023,6,22,12,12,12,12
2023,6,29,0,-8.33081361680131,0,0
2023,7,6,0,-0.229882916051693,0,0
2023,7,13,0,-0.160879575383447,0,0
2023,7,20,0,-0.113707732946884,0,0
2023,7,27,0,-0.0815473079818372,0,0
2023,8,3,0,-0.0594438249824872,0,0
2023,8,10,0,-0.0444162752857254,0,0
2023,8,17,0,-0.0340865809235583,0,0
2023,8,24,NA,-0.0269852362383905,0,0
2023,8,31,NA,-0.0220700195069791,0,0
2023,9,7,NA,-0.0186770818388725,0,0
2023,9,14,NA,-0.0163020509499532,0,0
