"year","month","day","data","median","LB","UB"
2023,4,13,0,0,0,0
2023,4,20,0,0,0,0
2023,4,27,0,0,0,0
2023,5,4,0,0,0,0
2023,5,11,0,0,0,0
2023,5,18,0,0,0,0
2023,5,25,0,0,0,0
2023,6,1,0,0,0,0
2023,6,8,0,0,0,0
2023,6,15,0,0,0,0
2023,6,22,NA,0,0,1.92579578782129e-09
2023,6,29,NA,0,0,4.50838618709304e-09
2023,7,6,NA,0,0,8.35830228196383e-09
2023,7,13,NA,0,0,1.25349226104366e-08
