"year","month","day","data","median","LB","UB"
2023,5,4,0,0,0,0
2023,5,11,0,0,0,0
2023,5,18,0,0,0,0
2023,5,25,0,0,0,0
2023,6,1,0,0,0,0
2023,6,8,0,0,0,0
2023,6,15,0,0,0,0
2023,6,22,0,0,0,0
2023,6,29,0,0,0,0
2023,7,6,0,0,0,0
2023,7,13,NA,0,0,2.23869456306147e-09
2023,7,20,NA,0,0,5.85429060784293e-09
2023,7,27,NA,0,0,1.05949258255578e-08
2023,8,3,NA,0,0,1.5302909606163e-08
