"year","month","day","data","median","LB","UB"
2023,5,11,0,0,0,0
2023,5,18,0,0,0,0
2023,5,25,0,0,0,0
2023,6,1,0,0,0,0
2023,6,8,0,0,0,0
2023,6,15,0,0,0,0
2023,6,22,0,0,0,0
2023,6,29,0,0,0,0
2023,7,6,0,0,0,0
2023,7,13,0,0,0,0
2023,7,20,NA,0,0,2.03005501298037e-09
2023,7,27,NA,0,0,5.32851984758054e-09
2023,8,3,NA,0,0,9.3446910209849e-09
2023,8,10,NA,0,0,1.43571321498115e-08
