"year","month","day","data","median","LB","UB"
2023,5,11,0,0,0,0
2023,5,18,0,0,0,0
2023,5,25,0,0,0,0
2023,6,1,0,0,0,0
2023,6,8,0,0,0,0
2023,6,15,0,0,0,0
2023,6,22,0,0,0,0
2023,6,29,0,0,0,0
2023,7,6,0,0,0,0
2023,7,13,0,0,0,0
2023,7,20,NA,0,0,1.54319068634834e-09
2023,7,27,NA,0,0,4.10349620949546e-09
2023,8,3,NA,0,0,7.8567357064685e-09
2023,8,10,NA,0,0,1.25409256312992e-08
