"year","month","day","data","median","LB","UB"
2023,5,11,0,0,0,0
2023,5,18,0,0,0,0
2023,5,25,0,0,0,0
2023,6,1,0,0,0,0
2023,6,8,0,0,0,0
2023,6,15,0,0,0,0
2023,6,22,0,0,0,0
2023,6,29,0,0,0,0
2023,7,6,0,0,0,0
2023,7,13,0,0,0,0
2023,7,20,NA,0,0,1.77813418570206e-09
2023,7,27,NA,0,0,4.54683104244574e-09
2023,8,3,NA,0,0,8.70635107198632e-09
2023,8,10,NA,0,0,1.25541148587596e-08
