"year","month","day","data","median","LB","UB"
2023,4,20,10.3184691876424,17.8382590644469,7.58905106232285,29.4107838535653
2023,4,27,11.276554786709,15.9567362078573,6.56573611591866,28.47127812884
2023,5,4,11.276554786709,14.1260630703441,4.51244616314054,25.352657856013
2023,5,11,5.00910461334785,12.3492352044715,3.39966334135688,24.8129678582338
2023,5,18,6.16455100253799,10.6297329890644,2.85822711382813,22.1283051083376
2023,5,25,3.77821150063685,8.97166098923856,0.687335001498522,18.4193196638178
2023,6,1,9.33333333333333,7.3799492444216,0.385101242455103,16.9830518720948
2023,6,8,0,5.86065641991149,0,15.6398143391654
2023,6,15,7.263226121255,4.42145142709719,0,13.1804339985044
2023,6,22,1.70600940927304,3.07243385554754,0,12.8491910284311
2023,6,29,NA,1.82767266913234,0,10.1610348903555
2023,7,6,NA,0.708534943041842,0,8.42969248199791
2023,7,13,NA,0,0,7.24137147902488
2023,7,20,NA,0,0,5.56430925056068
