"year","month","day","data","median","LB","UB"
2023,6,15,0,0,0,0
2023,6,22,0,0,0,0
2023,6,29,0,0,0,0
2023,7,6,0,0,0,0
2023,7,13,0,0,0,0
2023,7,20,0,0,0,0
2023,7,27,0,0,0,0
2023,8,3,0,0,0,0
2023,8,10,0,0,0,0
2023,8,17,0,0,0,0
2023,8,24,NA,0,0,1.79035704917219e-09
2023,8,31,NA,0,0,4.78154451356347e-09
2023,9,7,NA,0,0,8.82211860035223e-09
2023,9,14,NA,0,0,1.288647798191e-08
