"year","month","day","data","median","LB","UB"
2023,5,18,0,0,0,0
2023,5,25,0,0,0,0
2023,6,1,0,0,0,0
2023,6,8,0,0,0,0
2023,6,15,0,0,0,0
2023,6,22,0,0,0,0
2023,6,29,0,0,0,0
2023,7,6,0,0,0,0
2023,7,13,0,0,0,0
2023,7,20,0,0,0,0
2023,7,27,NA,0,0,2.14200190917779e-09
2023,8,3,NA,0,0,5.63181945523183e-09
2023,8,10,NA,0,0,9.67015090225232e-09
2023,8,17,NA,0,0,1.45384737582077e-08
