"year","month","day","data","median","LB","UB"
2023,4,27,0,0,0,0
2023,5,4,0,0,0,0
2023,5,11,0,0,0,0
2023,5,18,0,0,0,0
2023,5,25,0,0,0,0
2023,6,1,0,0,0,0
2023,6,8,0,0,0,0
2023,6,15,0,0,0,0
2023,6,22,0,0,0,0
2023,6,29,0,0,0,0
2023,7,6,NA,0,0,1.65465574575308e-09
2023,7,13,NA,0,0,4.9542727698082e-09
2023,7,20,NA,0,0,8.86060602667271e-09
2023,7,27,NA,0,0,1.30680588572574e-08
